Case Name,Level,Num Nodes,Train Frame Num,Train Chamfer Error,Test Frame Num,Test Chamfer Error
double_stretch_zebra,0,4208,137,0.005561980447752306,60,0.009268962289206683
double_stretch_zebra,1,2666,137,0.006844244115598445,60,0.008327150585440297
double_stretch_zebra,2,1697,137,0.010335313815650714,60,0.013175969058647753
double_stretch_zebra,3,1067,137,0.02165485656120046,60,0.02742943928266565
double_stretch_zebra,AVG,N/A,N/A,0.011099098735050482,N/A,0.014550380303990095
double_lift_sloth,0,6660,42,0.004006145688306008,19,0.011461920889192507
double_lift_sloth,1,4223,42,0.00810858631683957,19,0.020490362455970364
double_lift_sloth,2,2701,42,0.010432591462241752,19,0.021250527842264427
double_lift_sloth,3,1726,42,0.019925155599291127,19,0.053628446632309965
double_lift_sloth,AVG,N/A,N/A,0.010618119766669615,N/A,0.026707814454934316
single_push_sloth,0,6270,46,0.006376401713603865,21,0.010831059821482216
single_push_sloth,1,3940,46,0.007571742556098363,21,0.008604659743252255
single_push_sloth,2,2481,46,0.01839576673734447,21,0.04776526153797195
single_push_sloth,3,1566,46,0.029206095222869644,21,0.11849539301225118
single_push_sloth,AVG,N/A,N/A,0.015387501557479085,N/A,0.0464240935287394
single_push_rope_4,0,855,57,0.003097251578430204,25,0.011159296799451112
single_push_rope_4,1,529,57,0.006719529988211498,25,0.00728461978957057
single_push_rope_4,2,335,57,0.010243676709043876,25,0.014854312911629676
single_push_rope_4,3,225,57,0.011914099901587817,25,0.0204690632969141
single_push_rope_4,AVG,N/A,N/A,0.00799363954431835,N/A,0.013441823199391365
single_lift_cloth_3,0,8582,108,0.005162173784036121,47,0.010055015299548494
single_lift_cloth_3,1,5452,108,0.008794614963267965,47,0.03293787307561712
single_lift_cloth_3,2,3275,108,0.008685433413591926,47,0.015249340497749918
single_lift_cloth_3,3,1993,108,0.012820996387206294,47,0.028972296480168688
single_lift_cloth_3,AVG,N/A,N/A,0.008865804637025576,N/A,0.021803631338271054
single_lift_dinosor,0,7576,59,0.0047883240237705784,26,0.010030629453607477
single_lift_dinosor,1,4771,59,0.0059458553885756915,26,0.016400996416520614
single_lift_dinosor,2,3003,59,0.007871195034644866,26,0.015080068224611191
single_lift_dinosor,3,1892,59,0.020839562781660232,26,0.023076666662326224
single_lift_dinosor,AVG,N/A,N/A,0.009861234307162842,N/A,0.016147090189266376
double_lift_cloth_3,0,7521,81,0.002389483278858717,36,0.012140073567732342
double_lift_cloth_3,1,4778,81,0.004676944090421369,36,0.02353352352252437
double_lift_cloth_3,2,2999,81,0.0063420621114840476,36,0.025029964693304565
double_lift_cloth_3,3,1862,81,0.00815867610781649,36,0.026665292550913162
double_lift_cloth_3,AVG,N/A,N/A,0.005391791397145155,N/A,0.02184221358361861
single_lift_cloth_1,0,5490,76,0.004433937952853739,33,0.014880024489354004
single_lift_cloth_1,1,3486,76,0.006319469784533507,33,0.013254163194109093
single_lift_cloth_1,2,2193,76,0.011063889061149797,33,0.028282371660073597
single_lift_cloth_1,3,1371,76,0.00916274285287057,33,0.01775766844212106
single_lift_cloth_1,AVG,N/A,N/A,0.007745009912851903,N/A,0.018543556946414436
single_lift_zebra,0,4934,45,0.0030684443604615,20,0.017979600979015232
single_lift_zebra,1,3117,45,0.004485574023177227,20,0.02015040279366076
single_lift_zebra,2,1955,45,0.006113055079347557,20,0.019127400266006588
single_lift_zebra,3,1255,45,0.008853650517347786,20,0.02989120571874082
single_lift_zebra,AVG,N/A,N/A,0.005630180995083518,N/A,0.021787152439355847
single_push_rope,0,2332,39,0.004331460586772897,18,0.005384423381959398
single_push_rope,1,1483,39,0.005369711607599106,18,0.009145289504279694
single_push_rope,2,921,39,0.00648950673162173,18,0.008438610549395284
single_push_rope,3,594,39,0.0074066710419570785,18,0.00820468115206394
single_push_rope,AVG,N/A,N/A,0.005899337491987703,N/A,0.007793251146924579
single_clift_cloth_3,0,8158,66,0.0016456040285640593,30,0.004412058368325233
single_clift_cloth_3,1,5189,66,0.003424662500478779,30,0.009725709771737456
single_clift_cloth_3,2,3265,66,0.005024522161957892,30,0.011101119065036377
single_clift_cloth_3,3,2033,66,0.006819915675529928,30,0.012770565723379453
single_clift_cloth_3,AVG,N/A,N/A,0.004228676091632664,N/A,0.009502363232119629
double_lift_zebra,0,4607,39,0.0036813133002187195,18,0.014122327401613196
double_lift_zebra,1,2898,39,0.00623874319717288,18,0.01706364383507106
double_lift_zebra,2,1792,39,0.008133352161026917,18,0.015592340690394243
double_lift_zebra,3,1124,39,0.010918517788060201,18,0.017809124042590458
double_lift_zebra,AVG,N/A,N/A,0.007242981611619679,N/A,0.01614685899241724
single_push_rope_1,0,2293,63,0.003270898648123774,28,0.00423327783521797
single_push_rope_1,1,1449,63,0.004169200000072282,28,0.00606664182019553
single_push_rope_1,2,930,63,0.0052847519428247496,28,0.006929229296344731
single_push_rope_1,3,570,63,0.006390463841694688,28,0.006951678527652153
single_push_rope_1,AVG,N/A,N/A,0.004778828608178873,N/A,0.006045206869852596
single_clift_cloth_1,0,6490,55,0.0028382920977574858,24,0.004482124757487327
single_clift_cloth_1,1,4098,55,0.003964989255605774,24,0.0058941539997855825
single_clift_cloth_1,2,2580,55,0.006478107060221109,24,0.017967771195496123
single_clift_cloth_1,3,1583,55,0.007792827647856691,24,0.01915734668727964
single_clift_cloth_1,AVG,N/A,N/A,0.005268554015360265,N/A,0.011875349160012169
double_stretch_sloth,0,6487,133,0.005426453827369146,58,0.0064546692361734034
double_stretch_sloth,1,4092,133,0.010039139108354212,58,0.01113588735461235
double_stretch_sloth,2,2546,133,0.019011652401711484,58,0.014898375479568696
double_stretch_sloth,3,1631,133,0.029604117596115833,58,0.022015109304980986
double_stretch_sloth,AVG,N/A,N/A,0.016020340733387668,N/A,0.013626010343833858
single_lift_rope,0,2148,34,0.003534241476753617,15,0.00768529704461495
single_lift_rope,1,1361,34,0.004374702084426056,15,0.006036242811630169
single_lift_rope,2,837,34,0.005545208422357545,15,0.007245709995428721
single_lift_rope,3,537,34,0.006518953205908046,15,0.012385494355112315
single_lift_rope,AVG,N/A,N/A,0.004993276297361316,N/A,0.008338186051696539
double_lift_cloth_1,0,4742,80,0.0030415516608627512,35,0.005113523519997086
double_lift_cloth_1,1,3013,80,0.005270163467503153,35,0.01555847820958921
double_lift_cloth_1,2,1882,80,0.006874783331295475,35,0.018336874512689453
double_lift_cloth_1,3,1171,80,0.008497899287613108,35,0.027184971634830746
double_lift_cloth_1,AVG,N/A,N/A,0.005921099436818622,N/A,0.016548461969276625
single_lift_sloth,0,6895,58,0.0035402831472938173,26,0.013447010280707708
single_lift_sloth,1,4379,58,0.004432638569189043,26,0.010022823268977495
single_lift_sloth,2,2717,58,0.006050267513712932,26,0.016263244673609734
single_lift_sloth,3,1721,58,0.008517473542677432,26,0.02507881623191329
single_lift_sloth,AVG,N/A,N/A,0.005635165693218306,N/A,0.016202973613802057
single_lift_cloth_4,0,8185,119,0.028986220726422464,52,0.0402036694666514
single_lift_cloth_4,1,5206,119,0.01218309419957467,52,0.04627627084174982
single_lift_cloth_4,2,3260,119,0.013003149429852721,52,0.042392573391015716
single_lift_cloth_4,3,2043,119,0.012968169423524573,52,0.03468216049413268
single_lift_cloth_4,AVG,N/A,N/A,0.016785158444843608,N/A,0.04088866854838741
weird_package,0,4532,26,0.011497770257007617,12,0.01858869210506479
weird_package,1,2855,26,0.014866936736955093,12,0.012664567523946365
weird_package,2,1815,26,0.03451345579770322,12,0.03885857667773962
weird_package,3,1113,26,0.04457754444760772,12,0.03569194224352638
weird_package,AVG,N/A,N/A,0.026363926809818413,N/A,0.026450944637569286
single_lift_cloth,0,7793,120,0.011576364247594029,52,0.02630737950452245
single_lift_cloth,1,4881,120,0.028594650652181978,52,0.03967143627456748
single_lift_cloth,2,3046,120,0.021317749303610373,52,0.03143056886843764
single_lift_cloth,3,1896,120,0.02572632605054726,52,0.03251831627522524
single_lift_cloth,AVG,N/A,N/A,0.021803772563483412,N/A,0.0324819252306882
rope_double_hand,0,1753,183,0.005906387133004724,80,0.006834506645100191
rope_double_hand,1,1114,183,0.010842956103832345,80,0.011035447247559204
rope_double_hand,2,698,183,0.014062854845606076,80,0.01403729673475027
rope_double_hand,3,439,183,0.016036286560788017,80,0.016048515774309637
rope_double_hand,AVG,N/A,N/A,0.011712121160807791,N/A,0.011988941600429825

Layer-wise Average across all cases
Average,0,5386.86,N/A,0.005825,N/A,0.012049
Average,1,3408.18,N/A,0.007874,N/A,0.015967
Average,2,2133.09,N/A,0.010967,N/A,0.020150
Average,3,1336.91,N/A,0.015196,N/A,0.028040
