Case Name,Level,Node Index,Node Degree
rope_0001,0,0,24
rope_0001,0,1,24
rope_0001,0,2,24
rope_0001,0,3,24
rope_0001,0,4,24
rope_0001,0,5,24
rope_0001,0,6,24
rope_0001,0,7,24
rope_0001,0,8,24
rope_0001,0,9,25
rope_0001,0,10,24
rope_0001,0,11,25
rope_0001,0,12,24
rope_0001,0,13,25
rope_0001,0,14,24
rope_0001,0,15,26
rope_0001,0,16,26
rope_0001,0,17,25
rope_0001,0,18,24
rope_0001,0,19,28
rope_0001,0,20,25
rope_0001,0,21,24
rope_0001,0,22,26
rope_0001,0,23,26
rope_0001,0,24,25
rope_0001,0,25,28
rope_0001,0,26,29
rope_0001,0,27,25
rope_0001,0,28,28
rope_0001,0,29,31
rope_0001,0,30,33
rope_0001,0,31,27
rope_0001,0,32,25
rope_0001,0,33,30
rope_0001,0,34,28
rope_0001,0,35,31
rope_0001,0,36,32
rope_0001,0,37,40
rope_0001,0,38,30
rope_0001,0,39,29
rope_0001,0,40,27
rope_0001,0,41,27
rope_0001,0,42,41
rope_0001,0,43,26
rope_0001,0,44,35
rope_0001,0,45,25
rope_0001,0,46,42
rope_0001,0,47,32
rope_0001,0,48,30
rope_0001,0,49,37
rope_0001,0,50,35
rope_0001,0,51,38
rope_0001,0,52,35
rope_0001,0,53,29
rope_0001,0,54,33
rope_0001,0,55,36
rope_0001,0,56,25
rope_0001,0,57,32
rope_0001,0,58,28
rope_0001,0,59,29
rope_0001,0,60,26
rope_0001,0,61,33
rope_0001,0,62,28
rope_0001,0,63,32
rope_0001,0,64,28
rope_0001,0,65,27
rope_0001,0,66,32
rope_0001,0,67,27
rope_0001,0,68,25
rope_0001,0,69,30
rope_0001,0,70,28
rope_0001,0,71,24
rope_0001,0,72,25
rope_0001,0,73,25
rope_0001,0,74,25
rope_0001,0,75,27
rope_0001,0,76,26
rope_0001,0,77,29
rope_0001,0,78,27
rope_0001,0,79,25
rope_0001,0,80,25
rope_0001,0,81,28
rope_0001,0,82,27
rope_0001,0,83,27
rope_0001,0,84,27
rope_0001,0,85,25
rope_0001,0,86,26
rope_0001,0,87,35
rope_0001,0,88,27
rope_0001,0,89,28
rope_0001,0,90,24
rope_0001,0,91,27
rope_0001,0,92,27
rope_0001,0,93,27
rope_0001,0,94,26
rope_0001,0,95,27
rope_0001,0,96,27
rope_0001,0,97,28
rope_0001,0,98,25
rope_0001,0,99,29
rope_0001,0,100,29
rope_0001,0,101,26
rope_0001,0,102,28
rope_0001,0,103,28
rope_0001,0,104,28
rope_0001,0,105,29
rope_0001,0,106,25
rope_0001,0,107,33
rope_0001,0,108,26
rope_0001,0,109,28
rope_0001,0,110,25
rope_0001,0,111,27
rope_0001,0,112,26
rope_0001,0,113,27
rope_0001,0,114,26
rope_0001,0,115,28
rope_0001,0,116,30
rope_0001,0,117,25
rope_0001,0,118,34
rope_0001,0,119,28
rope_0001,0,120,26
rope_0001,0,121,29
rope_0001,0,122,24
rope_0001,0,123,25
rope_0001,0,124,28
rope_0001,0,125,26
rope_0001,0,126,25
rope_0001,0,127,31
rope_0001,0,128,30
rope_0001,0,129,27
rope_0001,0,130,28
rope_0001,0,131,24
rope_0001,0,132,27
rope_0001,0,133,26
rope_0001,0,134,27
rope_0001,0,135,26
rope_0001,0,136,29
rope_0001,0,137,25
rope_0001,0,138,35
rope_0001,0,139,26
rope_0001,0,140,24
rope_0001,0,141,24
rope_0001,0,142,25
rope_0001,0,143,28
rope_0001,0,144,27
rope_0001,0,145,24
rope_0001,0,146,24
rope_0001,0,147,26
rope_0001,0,148,29
rope_0001,0,149,27
rope_0001,0,150,29
rope_0001,0,151,28
rope_0001,0,152,27
rope_0001,0,153,28
rope_0001,0,154,29
rope_0001,0,155,32
rope_0001,0,156,29
rope_0001,0,157,25
rope_0001,0,158,29
rope_0001,0,159,27
rope_0001,0,160,25
rope_0001,0,161,30
rope_0001,0,162,25
rope_0001,0,163,28
rope_0001,0,164,25
rope_0001,0,165,28
rope_0001,0,166,30
rope_0001,0,167,29
rope_0001,0,168,27
rope_0001,0,169,28
rope_0001,0,170,26
rope_0001,0,171,28
rope_0001,0,172,29
rope_0001,0,173,31
rope_0001,0,174,30
rope_0001,0,175,26
rope_0001,0,176,27
rope_0001,0,177,29
rope_0001,0,178,25
rope_0001,0,179,30
rope_0001,0,180,25
rope_0001,0,181,29
rope_0001,0,182,26
rope_0001,0,183,25
rope_0001,0,184,30
rope_0001,0,185,30
rope_0001,0,186,24
rope_0001,0,187,33
rope_0001,0,188,25
rope_0001,0,189,30
rope_0001,0,190,28
rope_0001,0,191,24
rope_0001,0,192,26
rope_0001,0,193,28
rope_0001,0,194,29
rope_0001,0,195,26
rope_0001,0,196,30
rope_0001,0,197,29
rope_0001,0,198,25
rope_0001,0,199,27
rope_0001,0,200,30
rope_0001,0,201,32
rope_0001,0,202,31
rope_0001,0,203,30
rope_0001,0,204,30
rope_0001,0,205,24
rope_0001,0,206,25
rope_0001,0,207,27
rope_0001,0,208,26
rope_0001,0,209,29
rope_0001,0,210,28
rope_0001,0,211,29
rope_0001,0,212,30
rope_0001,0,213,29
rope_0001,0,214,28
rope_0001,0,215,33
rope_0001,0,216,30
rope_0001,0,217,27
rope_0001,0,218,25
rope_0001,0,219,29
rope_0001,0,220,27
rope_0001,0,221,28
rope_0001,0,222,24
rope_0001,0,223,30
rope_0001,0,224,28
rope_0001,0,225,28
rope_0001,0,226,28
rope_0001,0,227,30
rope_0001,0,228,28
rope_0001,0,229,26
rope_0001,0,230,28
rope_0001,0,231,24
rope_0001,0,232,33
rope_0001,0,233,26
rope_0001,0,234,30
rope_0001,0,235,29
rope_0001,0,236,27
rope_0001,0,237,24
rope_0001,0,238,24
rope_0001,0,239,28
rope_0001,0,240,24
rope_0001,0,241,26
rope_0001,0,242,27
rope_0001,0,243,26
rope_0001,0,244,34
rope_0001,0,245,24
rope_0001,0,246,27
rope_0001,0,247,27
rope_0001,0,248,24
rope_0001,0,249,26
rope_0001,0,250,29
rope_0001,0,251,25
rope_0001,0,252,28
rope_0001,0,253,25
rope_0001,0,254,26
rope_0001,0,255,26
rope_0001,0,256,32
rope_0001,0,257,27
rope_0001,0,258,25
rope_0001,0,259,26
rope_0001,0,260,25
rope_0001,0,261,26
rope_0001,0,262,26
rope_0001,0,263,26
rope_0001,0,264,25
rope_0001,0,265,28
rope_0001,0,266,32
rope_0001,0,267,32
rope_0001,0,268,27
rope_0001,0,269,27
rope_0001,0,270,25
rope_0001,0,271,26
rope_0001,0,272,28
rope_0001,0,273,28
rope_0001,0,274,27
rope_0001,0,275,28
rope_0001,0,276,25
rope_0001,0,277,29
rope_0001,0,278,27
rope_0001,0,279,27
rope_0001,0,280,30
rope_0001,0,281,26
rope_0001,0,282,26
rope_0001,0,283,31
rope_0001,0,284,26
rope_0001,0,285,29
rope_0001,0,286,27
rope_0001,0,287,24
rope_0001,0,288,25
rope_0001,0,289,26
rope_0001,0,290,28
rope_0001,0,291,27
rope_0001,0,292,28
rope_0001,0,293,25
rope_0001,0,294,29
rope_0001,0,295,30
rope_0001,0,296,24
rope_0001,0,297,27
rope_0001,0,298,33
rope_0001,0,299,30
rope_0001,0,300,27
rope_0001,0,301,27
rope_0001,0,302,25
rope_0001,0,303,24
rope_0001,0,304,26
rope_0001,0,305,30
rope_0001,0,306,25
rope_0001,0,307,25
rope_0001,0,308,32
rope_0001,0,309,27
rope_0001,0,310,28
rope_0001,0,311,32
rope_0001,0,312,25
rope_0001,0,313,27
rope_0001,0,314,33
rope_0001,0,315,28
rope_0001,0,316,30
rope_0001,0,317,26
rope_0001,0,318,25
rope_0001,0,319,28
rope_0001,0,320,28
rope_0001,0,321,27
rope_0001,0,322,27
rope_0001,0,323,28
rope_0001,0,324,26
rope_0001,0,325,28
rope_0001,0,326,28
rope_0001,0,327,28
rope_0001,0,328,24
rope_0001,0,329,26
rope_0001,0,330,26
rope_0001,0,331,30
rope_0001,0,332,29
rope_0001,0,333,26
rope_0001,0,334,25
rope_0001,0,335,26
rope_0001,0,336,27
rope_0001,0,337,25
rope_0001,0,338,24
rope_0001,0,339,25
rope_0001,0,340,28
rope_0001,0,341,25
rope_0001,0,342,25
rope_0001,0,343,27
rope_0001,0,344,25
rope_0001,0,345,24
rope_0001,0,346,27
rope_0001,0,347,25
rope_0001,0,348,25
rope_0001,0,349,28
rope_0001,0,350,25
rope_0001,0,351,28
rope_0001,0,352,25
rope_0001,0,353,25
rope_0001,0,354,29
rope_0001,0,355,26
rope_0001,0,356,27
rope_0001,0,357,26
rope_0001,0,358,26
rope_0001,0,359,29
rope_0001,0,360,26
rope_0001,0,361,25
rope_0001,0,362,25
rope_0001,0,363,24
rope_0001,0,364,26
rope_0001,0,365,25
rope_0001,0,366,30
rope_0001,0,367,27
rope_0001,0,368,26
rope_0001,0,369,26
rope_0001,0,370,27
rope_0001,0,371,24
rope_0001,0,372,24
rope_0001,0,373,25
rope_0001,0,374,24
rope_0001,0,375,26
rope_0001,0,376,28
rope_0001,0,377,27
rope_0001,0,378,26
rope_0001,0,379,27
rope_0001,0,380,27
rope_0001,0,381,26
rope_0001,0,382,26
rope_0001,0,383,27
rope_0001,0,384,29
rope_0001,0,385,25
rope_0001,0,386,26
rope_0001,0,387,29
rope_0001,0,388,28
rope_0001,0,389,30
rope_0001,0,390,26
rope_0001,0,391,30
rope_0001,0,392,30
rope_0001,0,393,30
rope_0001,0,394,24
rope_0001,0,395,27
rope_0001,0,396,25
rope_0001,0,397,24
rope_0001,0,398,28
rope_0001,0,399,25
rope_0001,0,400,29
rope_0001,0,401,31
rope_0001,0,402,26
rope_0001,0,403,32
rope_0001,0,404,24
rope_0001,0,405,30
rope_0001,0,406,25
rope_0001,0,407,28
rope_0001,0,408,27
rope_0001,0,409,32
rope_0001,0,410,29
rope_0001,0,411,26
rope_0001,0,412,27
rope_0001,0,413,26
rope_0001,0,414,28
rope_0001,0,415,28
rope_0001,0,416,30
rope_0001,0,417,31
rope_0001,0,418,24
rope_0001,0,419,24
rope_0001,0,420,27
rope_0001,0,421,27
rope_0001,0,422,32
rope_0001,0,423,24
rope_0001,0,424,26
rope_0001,0,425,27
rope_0001,0,426,24
rope_0001,0,427,27
rope_0001,0,428,35
rope_0001,0,429,26
rope_0001,0,430,32
rope_0001,0,431,27
rope_0001,0,432,25
rope_0001,0,433,28
rope_0001,0,434,27
rope_0001,0,435,26
rope_0001,0,436,31
rope_0001,0,437,29
rope_0001,0,438,26
rope_0001,0,439,26
rope_0001,0,440,24
rope_0001,0,441,29
rope_0001,0,442,24
rope_0001,0,443,29
rope_0001,0,444,34
rope_0001,0,445,24
rope_0001,0,446,25
rope_0001,0,447,29
rope_0001,0,448,29
rope_0001,0,449,27
rope_0001,0,450,24
rope_0001,0,451,27
rope_0001,0,452,25
rope_0001,0,453,30
rope_0001,0,454,25
rope_0001,0,455,24
rope_0001,0,456,27
rope_0001,0,457,27
rope_0001,0,458,24
rope_0001,0,459,27
rope_0001,0,460,25
rope_0001,0,461,26
rope_0001,0,462,28
rope_0001,0,463,28
rope_0001,0,464,24
rope_0001,0,465,27
rope_0001,0,466,26
rope_0001,0,467,25
rope_0001,0,468,25
rope_0001,0,469,25
rope_0001,0,470,25
rope_0001,0,471,25
rope_0001,0,472,26
rope_0001,0,473,26
rope_0001,0,474,25
rope_0001,0,475,26
rope_0001,0,476,32
rope_0001,0,477,24
rope_0001,0,478,28
rope_0001,0,479,27
rope_0001,0,480,30
rope_0001,0,481,28
rope_0001,0,482,24
rope_0001,0,483,26
rope_0001,0,484,25
rope_0001,0,485,28
rope_0001,0,486,28
rope_0001,0,487,27
rope_0001,0,488,24
rope_0001,0,489,29
rope_0001,0,490,27
rope_0001,0,491,26
rope_0001,0,492,25
rope_0001,0,493,31
rope_0001,0,494,27
rope_0001,0,495,24
rope_0001,0,496,26
rope_0001,0,497,26
rope_0001,0,498,32
rope_0001,0,499,29
rope_0001,0,500,26
rope_0001,0,501,26
rope_0001,0,502,26
rope_0001,0,503,29
rope_0001,0,504,26
rope_0001,0,505,27
rope_0001,0,506,29
rope_0001,0,507,25
rope_0001,0,508,28
rope_0001,0,509,27
rope_0001,0,510,30
rope_0001,0,511,26
rope_0001,0,512,29
rope_0001,0,513,24
rope_0001,0,514,26
rope_0001,0,515,27
rope_0001,0,516,27
rope_0001,0,517,27
rope_0001,0,518,27
rope_0001,0,519,28
rope_0001,0,520,24
rope_0001,0,521,25
rope_0001,0,522,24
rope_0001,0,523,24
rope_0001,0,524,28
rope_0001,0,525,25
rope_0001,0,526,25
rope_0001,0,527,25
rope_0001,0,528,32
rope_0001,0,529,26
rope_0001,0,530,27
rope_0001,0,531,28
rope_0001,0,532,29
rope_0001,0,533,26
rope_0001,0,534,26
rope_0001,0,535,25
rope_0001,0,536,26
rope_0001,0,537,28
rope_0001,0,538,24
rope_0001,0,539,29
rope_0001,0,540,25
rope_0001,0,541,29
rope_0001,0,542,28
rope_0001,0,543,25
rope_0001,0,544,28
rope_0001,0,545,29
rope_0001,0,546,29
rope_0001,0,547,26
rope_0001,0,548,26
rope_0001,0,549,30
rope_0001,0,550,27
rope_0001,0,551,24
rope_0001,0,552,26
rope_0001,0,553,25
rope_0001,0,554,29
rope_0001,0,555,26
rope_0001,0,556,25
rope_0001,0,557,25
rope_0001,0,558,25
rope_0001,0,559,29
rope_0001,0,560,25
rope_0001,0,561,26
rope_0001,0,562,28
rope_0001,0,563,29
rope_0001,0,564,24
rope_0001,0,565,26
rope_0001,0,566,25
rope_0001,0,567,26
rope_0001,0,568,27
rope_0001,0,569,28
rope_0001,0,570,31
rope_0001,0,571,28
rope_0001,0,572,28
rope_0001,0,573,27
rope_0001,0,574,26
rope_0001,0,575,26
rope_0001,0,576,25
rope_0001,0,577,26
rope_0001,0,578,25
rope_0001,0,579,32
rope_0001,0,580,26
rope_0001,0,581,26
rope_0001,0,582,26
rope_0001,0,583,30
rope_0001,0,584,28
rope_0001,0,585,28
rope_0001,0,586,32
rope_0001,0,587,25
rope_0001,0,588,26
rope_0001,0,589,30
rope_0001,0,590,28
rope_0001,0,591,26
rope_0001,0,592,26
rope_0001,0,593,33
rope_0001,0,594,25
rope_0001,0,595,26
rope_0001,0,596,26
rope_0001,0,597,26
rope_0001,0,598,24
rope_0001,0,599,33
rope_0001,0,600,29
rope_0001,0,601,27
rope_0001,0,602,26
rope_0001,0,603,34
rope_0001,0,604,24
rope_0001,0,605,27
rope_0001,0,606,26
rope_0001,0,607,25
rope_0001,0,608,34
rope_0001,0,609,28
rope_0001,0,610,27
rope_0001,0,611,27
rope_0001,0,612,32
rope_0001,0,613,25
rope_0001,0,614,25
rope_0001,0,615,26
rope_0001,0,616,25
rope_0001,0,617,27
rope_0001,0,618,28
rope_0001,0,619,27
rope_0001,0,620,35
rope_0001,0,621,29
rope_0001,0,622,25
rope_0001,0,623,25
rope_0001,0,624,28
rope_0001,0,625,34
rope_0001,0,626,26
rope_0001,0,627,26
rope_0001,0,628,28
rope_0001,0,629,29
rope_0001,0,630,30
rope_0001,0,631,27
rope_0001,0,632,30
rope_0001,0,633,26
rope_0001,0,634,27
rope_0001,0,635,28
rope_0001,0,636,26
rope_0001,0,637,27
rope_0001,0,638,41
rope_0001,0,639,34
rope_0001,0,640,25
rope_0001,0,641,32
rope_0001,0,642,26
rope_0001,0,643,24
rope_0001,0,644,25
rope_0001,0,645,24
rope_0001,0,646,26
rope_0001,0,647,26
rope_0001,0,648,27
rope_0001,0,649,34
rope_0001,0,650,25
rope_0001,0,651,25
rope_0001,0,652,27
rope_0001,0,653,27
rope_0001,0,654,25
rope_0001,0,655,26
rope_0001,0,656,26
rope_0001,0,657,26
rope_0001,0,658,32
rope_0001,0,659,28
rope_0001,0,660,26
rope_0001,0,661,33
rope_0001,0,662,27
rope_0001,0,663,30
rope_0001,0,664,26
rope_0001,0,665,25
rope_0001,0,666,28
rope_0001,0,667,24
rope_0001,0,668,25
rope_0001,0,669,24
rope_0001,0,670,24
rope_0001,0,671,25
rope_0001,0,672,26
rope_0001,0,673,26
rope_0001,0,674,27
rope_0001,0,675,27
rope_0001,0,676,25
rope_0001,0,677,24
rope_0001,0,678,26
rope_0001,0,679,25
rope_0001,0,680,24
rope_0001,0,681,25
rope_0001,0,682,26
rope_0001,0,683,30
rope_0001,0,684,30
rope_0001,0,685,26
rope_0001,0,686,27
rope_0001,0,687,27
rope_0001,0,688,26
rope_0001,0,689,25
rope_0001,0,690,25
rope_0001,0,691,24
rope_0001,0,692,26
rope_0001,0,693,25
rope_0001,0,694,27
rope_0001,0,695,26
rope_0001,0,696,29
rope_0001,0,697,28
rope_0001,0,698,24
rope_0001,0,699,24
rope_0001,0,700,24
rope_0001,0,701,25
rope_0001,0,702,29
rope_0001,0,703,24
rope_0001,0,704,26
rope_0001,0,705,28
rope_0001,0,706,27
rope_0001,0,707,31
rope_0001,0,708,28
rope_0001,0,709,27
rope_0001,0,710,26
rope_0001,0,711,27
rope_0001,0,712,26
rope_0001,0,713,26
rope_0001,0,714,24
rope_0001,0,715,25
rope_0001,0,716,24
rope_0001,0,717,24
rope_0001,0,718,25
rope_0001,0,719,24
rope_0001,0,720,28
rope_0001,0,721,26
rope_0001,0,722,26
rope_0001,0,723,25
rope_0001,0,724,29
rope_0001,0,725,25
rope_0001,0,726,29
rope_0001,0,727,28
rope_0001,0,728,30
rope_0001,0,729,25
rope_0001,0,730,29
rope_0001,0,731,24
rope_0001,0,732,26
rope_0001,0,733,26
rope_0001,0,734,25
rope_0001,0,735,27
rope_0001,0,736,25
rope_0001,0,737,25
rope_0001,0,738,28
rope_0001,0,739,24
rope_0001,0,740,25
rope_0001,0,741,26
rope_0001,0,742,28
rope_0001,0,743,26
rope_0001,0,744,25
rope_0001,0,745,25
rope_0001,0,746,27
rope_0001,0,747,28
rope_0001,0,748,25
rope_0001,0,749,25
rope_0001,0,750,25
rope_0001,0,751,24
rope_0001,0,752,25
rope_0001,0,753,26
rope_0001,0,754,25
rope_0001,0,755,28
rope_0001,0,756,29
rope_0001,0,757,34
rope_0001,0,758,25
rope_0001,0,759,27
rope_0001,0,760,28
rope_0001,0,761,26
rope_0001,0,762,25
rope_0001,0,763,26
rope_0001,0,764,24
rope_0001,0,765,26
rope_0001,0,766,28
rope_0001,0,767,27
rope_0001,0,768,25
rope_0001,0,769,25
rope_0001,0,770,24
rope_0001,0,771,25
rope_0001,0,772,30
rope_0001,0,773,32
rope_0001,0,774,29
rope_0001,0,775,24
rope_0001,0,776,25
rope_0001,0,777,30
rope_0001,0,778,27
rope_0001,0,779,27
rope_0001,0,780,24
rope_0001,0,781,26
rope_0001,0,782,31
rope_0001,0,783,32
rope_0001,0,784,26
rope_0001,0,785,25
rope_0001,0,786,25
rope_0001,0,787,26
rope_0001,0,788,30
rope_0001,0,789,24
rope_0001,0,790,26
rope_0001,0,791,27
rope_0001,0,792,28
rope_0001,0,793,24
rope_0001,0,794,29
rope_0001,0,795,26
rope_0001,0,796,25
rope_0001,0,797,25
rope_0001,0,798,28
rope_0001,0,799,26
rope_0001,0,800,28
rope_0001,0,801,25
rope_0001,0,802,27
rope_0001,0,803,25
rope_0001,0,804,32
rope_0001,0,805,24
rope_0001,0,806,27
rope_0001,0,807,33
rope_0001,0,808,24
rope_0001,0,809,27
rope_0001,0,810,28
rope_0001,0,811,24
rope_0001,0,812,27
rope_0001,0,813,27
rope_0001,0,814,32
rope_0001,0,815,28
rope_0001,0,816,25
rope_0001,0,817,27
rope_0001,0,818,27
rope_0001,0,819,27
rope_0001,0,820,24
rope_0001,0,821,25
rope_0001,0,822,28
rope_0001,0,823,25
rope_0001,0,824,25
rope_0001,0,825,26
rope_0001,0,826,25
rope_0001,0,827,27
rope_0001,0,828,27
rope_0001,0,829,25
rope_0001,0,830,27
rope_0001,0,831,28
rope_0001,0,832,27
rope_0001,0,833,26
rope_0001,0,834,26
rope_0001,0,835,26
rope_0001,0,836,26
rope_0001,0,837,25
rope_0001,0,838,24
rope_0001,0,839,24
rope_0001,0,840,25
rope_0001,0,841,25
rope_0001,0,842,26
rope_0001,0,843,25
rope_0001,0,844,27
rope_0001,0,845,27
rope_0001,0,846,27
rope_0001,0,847,29
rope_0001,0,848,27
rope_0001,0,849,25
rope_0001,0,850,25
rope_0001,0,851,31
rope_0001,0,852,27
rope_0001,0,853,27
rope_0001,0,854,27
rope_0001,0,855,31
rope_0001,0,856,27
rope_0001,0,857,27
rope_0001,0,858,27
rope_0001,0,859,27
rope_0001,0,860,24
rope_0001,0,861,25
rope_0001,0,862,25
rope_0001,0,863,25
rope_0001,0,864,24
rope_0001,0,865,28
rope_0001,0,866,25
rope_0001,0,867,29
rope_0001,0,868,27
rope_0001,0,869,27
rope_0001,0,870,27
rope_0001,0,871,29
rope_0001,0,872,26
rope_0001,0,873,27
rope_0001,0,874,25
rope_0001,0,875,24
rope_0001,0,876,28
rope_0001,0,877,26
rope_0001,0,878,25
rope_0001,0,879,28
rope_0001,0,880,27
rope_0001,0,881,28
rope_0001,0,882,25
rope_0001,0,883,25
rope_0001,0,884,27
rope_0001,0,885,26
rope_0001,0,886,24
rope_0001,0,887,27
rope_0001,0,888,27
rope_0001,0,889,26
rope_0001,0,890,24
rope_0001,0,891,25
rope_0001,0,892,26
rope_0001,0,893,29
rope_0001,0,894,27
rope_0001,0,895,26
rope_0001,0,896,26
rope_0001,0,897,25
rope_0001,0,898,27
rope_0001,0,899,28
rope_0001,0,900,25
rope_0001,0,901,26
rope_0001,0,902,30
rope_0001,0,903,25
rope_0001,0,904,27
rope_0001,0,905,24
rope_0001,0,906,26
rope_0001,0,907,29
rope_0001,0,908,25
rope_0001,0,909,25
rope_0001,0,910,27
rope_0001,0,911,26
rope_0001,0,912,28
rope_0001,0,913,27
rope_0001,0,914,27
rope_0001,0,915,29
rope_0001,0,916,24
rope_0001,0,917,24
rope_0001,0,918,28
rope_0001,0,919,29
rope_0001,0,920,27
rope_0001,0,921,27
rope_0001,0,922,25
rope_0001,0,923,26
rope_0001,0,924,28
rope_0001,0,925,29
rope_0001,0,926,29
rope_0001,0,927,25
rope_0001,0,928,24
rope_0001,0,929,28
rope_0001,0,930,27
rope_0001,0,931,28
rope_0001,0,932,26
rope_0001,0,933,28
rope_0001,0,934,25
rope_0001,0,935,26
rope_0001,0,936,25
rope_0001,0,937,26
rope_0001,0,938,28
rope_0001,0,939,25
rope_0001,0,940,28
rope_0001,0,941,25
rope_0001,0,942,28
rope_0001,0,943,27
rope_0001,0,944,26
rope_0001,0,945,27
rope_0001,0,946,28
rope_0001,0,947,25
rope_0001,0,948,30
rope_0001,0,949,26
rope_0001,0,950,29
rope_0001,0,951,24
rope_0001,0,952,27
rope_0001,0,953,25
rope_0001,0,954,25
rope_0001,0,955,25
rope_0001,0,956,26
rope_0001,0,957,30
rope_0001,0,958,28
rope_0001,0,959,29
rope_0001,0,960,30
rope_0001,0,961,25
rope_0001,0,962,26
rope_0001,0,963,25
rope_0001,0,964,25
rope_0001,0,965,33
rope_0001,0,966,25
rope_0001,0,967,27
rope_0001,0,968,26
rope_0001,0,969,27
rope_0001,0,970,27
rope_0001,0,971,31
rope_0001,0,972,29
rope_0001,0,973,25
rope_0001,0,974,26
rope_0001,0,975,26
rope_0001,0,976,29
rope_0001,0,977,25
rope_0001,0,978,26
rope_0001,0,979,26
rope_0001,0,980,26
rope_0001,0,981,27
rope_0001,0,982,24
rope_0001,0,983,26
rope_0001,0,984,28
rope_0001,0,985,30
rope_0001,0,986,27
rope_0001,0,987,29
rope_0001,0,988,31
rope_0001,0,989,25
rope_0001,0,990,26
rope_0001,0,991,24
rope_0001,0,992,25
rope_0001,0,993,24
rope_0001,0,994,26
rope_0001,0,995,28
rope_0001,0,996,25
rope_0001,0,997,25
rope_0001,0,998,29
rope_0001,0,999,29
rope_0001,0,1000,26
rope_0001,0,1001,29
rope_0001,0,1002,29
rope_0001,0,1003,28
rope_0001,0,1004,26
rope_0001,0,1005,26
rope_0001,0,1006,28
rope_0001,0,1007,25
rope_0001,0,1008,28
rope_0001,0,1009,29
rope_0001,0,1010,26
rope_0001,0,1011,26
rope_0001,0,1012,27
rope_0001,0,1013,25
rope_0001,0,1014,26
rope_0001,0,1015,29
rope_0001,0,1016,29
rope_0001,0,1017,29
rope_0001,0,1018,26
rope_0001,0,1019,27
rope_0001,0,1020,27
rope_0001,0,1021,30
rope_0001,0,1022,26
rope_0001,0,1023,26
rope_0001,0,1024,28
rope_0001,0,1025,25
rope_0001,0,1026,27
rope_0001,0,1027,27
rope_0001,0,1028,26
rope_0001,0,1029,26
rope_0001,0,1030,27
rope_0001,0,1031,26
rope_0001,0,1032,25
rope_0001,0,1033,27
rope_0001,0,1034,26
rope_0001,0,1035,27
rope_0001,0,1036,30
rope_0001,0,1037,29
rope_0001,0,1038,30
rope_0001,0,1039,29
rope_0001,0,1040,26
rope_0001,0,1041,27
rope_0001,0,1042,25
rope_0001,0,1043,24
rope_0001,0,1044,25
rope_0001,0,1045,25
rope_0001,0,1046,28
rope_0001,0,1047,31
rope_0001,0,1048,25
rope_0001,0,1049,33
rope_0001,0,1050,28
rope_0001,0,1051,27
rope_0001,0,1052,28
rope_0001,0,1053,25
rope_0001,0,1054,28
rope_0001,0,1055,24
rope_0001,0,1056,25
rope_0001,0,1057,28
rope_0001,0,1058,30
rope_0001,0,1059,26
rope_0001,0,1060,25
rope_0001,0,1061,28
rope_0001,0,1062,25
rope_0001,0,1063,24
rope_0001,0,1064,28
rope_0001,0,1065,27
rope_0001,0,1066,28
rope_0001,0,1067,29
rope_0001,0,1068,25
rope_0001,0,1069,27
rope_0001,0,1070,26
rope_0001,0,1071,25
rope_0001,0,1072,27
rope_0001,0,1073,25
rope_0001,0,1074,25
rope_0001,0,1075,24
rope_0001,0,1076,26
rope_0001,0,1077,26
rope_0001,0,1078,26
rope_0001,0,1079,27
rope_0001,0,1080,25
rope_0001,0,1081,26
rope_0001,0,1082,27
rope_0001,0,1083,28
rope_0001,0,1084,25
rope_0001,0,1085,25
rope_0001,0,1086,25
rope_0001,0,1087,26
rope_0001,0,1088,25
rope_0001,0,1089,26
rope_0001,0,1090,27
rope_0001,0,1091,26
rope_0001,0,1092,27
rope_0001,0,1093,25
rope_0001,0,1094,26
rope_0001,0,1095,25
rope_0001,0,1096,24
rope_0001,0,1097,24
rope_0001,0,1098,26
rope_0001,0,1099,27
rope_0001,0,1100,27
rope_0001,0,1101,24
rope_0001,0,1102,27
rope_0001,0,1103,25
rope_0001,0,1104,26
rope_0001,0,1105,26
rope_0001,0,1106,26
rope_0001,0,1107,27
rope_0001,0,1108,26
rope_0001,0,1109,26
rope_0001,0,1110,28
rope_0001,0,1111,26
rope_0001,0,1112,26
rope_0001,0,1113,27
rope_0001,0,1114,25
rope_0001,0,1115,26
rope_0001,0,1116,25
rope_0001,0,1117,27
rope_0001,0,1118,25
rope_0001,0,1119,25
rope_0001,0,1120,25
rope_0001,0,1121,25
rope_0001,0,1122,27
rope_0001,0,1123,26
rope_0001,0,1124,27
rope_0001,0,1125,27
rope_0001,0,1126,26
rope_0001,0,1127,25
rope_0001,0,1128,26
rope_0001,0,1129,27
rope_0001,0,1130,26
rope_0001,0,1131,29
rope_0001,0,1132,24
rope_0001,0,1133,27
rope_0001,0,1134,26
rope_0001,0,1135,27
rope_0001,0,1136,26
rope_0001,0,1137,27
rope_0001,0,1138,26
rope_0001,0,1139,25
rope_0001,0,1140,25
rope_0001,0,1141,26
rope_0001,0,1142,28
rope_0001,0,1143,24
rope_0001,0,1144,24
rope_0001,0,1145,25
rope_0001,0,1146,26
rope_0001,0,1147,27
rope_0001,0,1148,33
rope_0001,0,1149,26
rope_0001,0,1150,26
rope_0001,0,1151,27
rope_0001,0,1152,28
rope_0001,0,1153,32
rope_0001,0,1154,28
rope_0001,0,1155,25
rope_0001,0,1156,24
rope_0001,0,1157,28
rope_0001,0,1158,25
rope_0001,0,1159,26
rope_0001,0,1160,25
rope_0001,0,1161,26
rope_0001,0,1162,32
rope_0001,0,1163,25
rope_0001,0,1164,26
rope_0001,0,1165,29
rope_0001,0,1166,27
rope_0001,0,1167,27
rope_0001,0,1168,24
rope_0001,0,1169,27
rope_0001,0,1170,26
rope_0001,0,1171,25
rope_0001,0,1172,25
rope_0001,0,1173,28
rope_0001,0,1174,27
rope_0001,0,1175,25
rope_0001,0,1176,24
rope_0001,0,1177,28
rope_0001,0,1178,24
rope_0001,0,1179,27
rope_0001,0,1180,32
rope_0001,0,1181,25
rope_0001,0,1182,26
rope_0001,0,1183,25
rope_0001,0,1184,26
rope_0001,0,1185,27
rope_0001,0,1186,26
rope_0001,0,1187,29
rope_0001,0,1188,24
rope_0001,0,1189,27
rope_0001,0,1190,31
rope_0001,0,1191,32
rope_0001,0,1192,27
rope_0001,0,1193,25
rope_0001,0,1194,25
rope_0001,0,1195,32
rope_0001,0,1196,29
rope_0001,0,1197,27
rope_0001,0,1198,27
rope_0001,0,1199,26
rope_0001,0,1200,25
rope_0001,0,1201,27
rope_0001,0,1202,28
rope_0001,0,1203,28
rope_0001,0,1204,25
rope_0001,0,1205,27
rope_0001,0,1206,28
rope_0001,0,1207,26
rope_0001,0,1208,30
rope_0001,0,1209,28
rope_0001,0,1210,26
rope_0001,0,1211,27
rope_0001,0,1212,28
rope_0001,0,1213,27
rope_0001,0,1214,25
rope_0001,0,1215,25
rope_0001,0,1216,30
rope_0001,0,1217,28
rope_0001,0,1218,29
rope_0001,0,1219,26
rope_0001,0,1220,29
rope_0001,0,1221,24
rope_0001,0,1222,27
rope_0001,0,1223,27
rope_0001,0,1224,25
rope_0001,0,1225,27
rope_0001,0,1226,26
rope_0001,0,1227,29
rope_0001,0,1228,25
rope_0001,0,1229,26
rope_0001,0,1230,27
rope_0001,0,1231,28
rope_0001,0,1232,28
rope_0001,0,1233,27
rope_0001,0,1234,26
rope_0001,0,1235,26
rope_0001,0,1236,28
rope_0001,0,1237,28
rope_0001,0,1238,26
rope_0001,0,1239,29
rope_0001,0,1240,26
rope_0001,0,1241,25
rope_0001,0,1242,27
rope_0001,0,1243,27
rope_0001,0,1244,32
rope_0001,0,1245,25
rope_0001,0,1246,28
rope_0001,0,1247,27
rope_0001,0,1248,28
rope_0001,0,1249,25
rope_0001,0,1250,25
rope_0001,0,1251,27
rope_0001,0,1252,25
rope_0001,0,1253,30
rope_0001,0,1254,29
rope_0001,0,1255,24
rope_0001,0,1256,27
rope_0001,0,1257,28
rope_0001,0,1258,27
rope_0001,0,1259,28
rope_0001,0,1260,27
rope_0001,0,1261,28
rope_0001,0,1262,27
rope_0001,0,1263,26
rope_0001,0,1264,25
rope_0001,0,1265,26
rope_0001,0,1266,24
rope_0001,0,1267,27
rope_0001,0,1268,26
rope_0001,0,1269,28
rope_0001,0,1270,26
rope_0001,0,1271,27
rope_0001,0,1272,26
rope_0001,0,1273,26
rope_0001,0,1274,27
rope_0001,0,1275,25
rope_0001,0,1276,24
rope_0001,0,1277,25
rope_0001,0,1278,30
rope_0001,0,1279,24
rope_0001,0,1280,27
rope_0001,0,1281,29
rope_0001,0,1282,28
rope_0001,0,1283,28
rope_0001,0,1284,25
rope_0001,0,1285,26
rope_0001,0,1286,25
rope_0001,0,1287,25
rope_0001,0,1288,27
rope_0001,0,1289,27
rope_0001,0,1290,25
rope_0001,0,1291,28
rope_0001,0,1292,26
rope_0001,0,1293,32
rope_0001,0,1294,24
rope_0001,0,1295,26
rope_0001,0,1296,26
rope_0001,0,1297,27
rope_0001,0,1298,28
rope_0001,0,1299,26
rope_0001,0,1300,31
rope_0001,0,1301,26
rope_0001,0,1302,27
rope_0001,0,1303,28
rope_0001,0,1304,26
rope_0001,0,1305,26
rope_0001,0,1306,25
rope_0001,0,1307,27
rope_0001,0,1308,27
rope_0001,0,1309,27
rope_0001,0,1310,26
rope_0001,0,1311,33
rope_0001,0,1312,25
rope_0001,0,1313,27
rope_0001,0,1314,25
rope_0001,0,1315,25
rope_0001,0,1316,28
rope_0001,0,1317,25
rope_0001,0,1318,27
rope_0001,0,1319,25
rope_0001,0,1320,32
rope_0001,0,1321,27
rope_0001,0,1322,29
rope_0001,0,1323,29
rope_0001,0,1324,26
rope_0001,0,1325,28
rope_0001,0,1326,28
rope_0001,0,1327,25
rope_0001,0,1328,25
rope_0001,0,1329,30
rope_0001,0,1330,28
rope_0001,0,1331,26
rope_0001,0,1332,26
rope_0001,0,1333,25
rope_0001,0,1334,30
rope_0001,0,1335,26
rope_0001,0,1336,25
rope_0001,0,1337,27
rope_0001,0,1338,28
rope_0001,0,1339,26
rope_0001,0,1340,26
rope_0001,0,1341,27
rope_0001,0,1342,27
rope_0001,0,1343,29
rope_0001,0,1344,24
rope_0001,0,1345,29
rope_0001,0,1346,30
rope_0001,0,1347,26
rope_0001,0,1348,25
rope_0001,0,1349,26
rope_0001,0,1350,24
rope_0001,0,1351,24
rope_0001,0,1352,29
rope_0001,0,1353,32
rope_0001,0,1354,33
rope_0001,0,1355,26
rope_0001,0,1356,28
rope_0001,0,1357,24
rope_0001,0,1358,27
rope_0001,0,1359,25
rope_0001,0,1360,24
rope_0001,0,1361,24
rope_0001,0,1362,31
rope_0001,0,1363,29
rope_0001,0,1364,26
rope_0001,0,1365,25
rope_0001,0,1366,25
rope_0001,0,1367,27
rope_0001,0,1368,24
rope_0001,0,1369,27
rope_0001,0,1370,30
rope_0001,0,1371,27
rope_0001,0,1372,26
rope_0001,0,1373,25
rope_0001,0,1374,26
rope_0001,0,1375,24
rope_0001,0,1376,27
rope_0001,0,1377,27
rope_0001,0,1378,32
rope_0001,0,1379,26
rope_0001,0,1380,26
rope_0001,0,1381,24
rope_0001,0,1382,30
rope_0001,0,1383,29
rope_0001,0,1384,25
rope_0001,0,1385,28
rope_0001,0,1386,29
rope_0001,0,1387,25
rope_0001,0,1388,27
rope_0001,0,1389,29
rope_0001,0,1390,28
rope_0001,0,1391,24
rope_0001,0,1392,24
rope_0001,0,1393,30
rope_0001,0,1394,31
rope_0001,0,1395,25
rope_0001,0,1396,24
rope_0001,0,1397,26
rope_0001,0,1398,25
rope_0001,0,1399,25
rope_0001,0,1400,25
rope_0001,0,1401,27
rope_0001,0,1402,24
rope_0001,0,1403,25
rope_0001,0,1404,25
rope_0001,0,1405,24
rope_0001,0,1406,27
rope_0001,0,1407,26
rope_0001,0,1408,30
rope_0001,0,1409,25
rope_0001,0,1410,33
rope_0001,0,1411,31
rope_0001,0,1412,33
rope_0001,0,1413,33
rope_0001,0,1414,28
rope_0001,0,1415,26
rope_0001,0,1416,28
rope_0001,0,1417,24
rope_0001,0,1418,33
rope_0001,0,1419,35
rope_0001,0,1420,39
rope_0001,0,1421,31
rope_0001,0,1422,37
rope_0001,0,1423,25
rope_0001,0,1424,24
rope_0001,0,1425,31
rope_0001,0,1426,28
rope_0001,0,1427,25
rope_0001,0,1428,25
rope_0001,0,1429,34
rope_0001,0,1430,26
rope_0001,0,1431,29
rope_0001,0,1432,24
rope_0001,0,1433,27
rope_0001,0,1434,43
rope_0001,0,1435,42
rope_0001,0,1436,25
rope_0001,0,1437,31
rope_0001,0,1438,34
rope_0001,0,1439,24
rope_0001,0,1440,42
rope_0001,0,1441,33
rope_0001,0,1442,38
rope_0001,0,1443,26
rope_0001,0,1444,27
rope_0001,0,1445,25
rope_0001,0,1446,29
rope_0001,0,1447,49
rope_0001,0,1448,40
rope_0001,0,1449,28
rope_0001,0,1450,37
rope_0001,0,1451,35
rope_0001,0,1452,47
rope_0001,0,1453,28
rope_0001,0,1454,51
rope_0001,0,1455,34
rope_0001,0,1456,32
rope_0001,0,1457,43
rope_0001,0,1458,37
rope_0001,0,1459,33
rope_0001,0,1460,36
rope_0001,0,1461,45
rope_0001,0,1462,27
rope_0001,0,1463,47
rope_0001,0,1464,41
rope_0001,0,1465,32
rope_0001,0,1466,33
rope_0001,0,1467,32
rope_0001,0,1468,31
rope_0001,0,1469,39
rope_0001,0,1470,36
rope_0001,0,1471,37
rope_0001,0,1472,33
rope_0001,0,1473,34
rope_0001,0,1474,35
rope_0001,0,1475,32
rope_0001,0,1476,31
rope_0001,0,1477,31
rope_0001,0,1478,30
rope_0001,0,1479,30
rope_0001,0,1480,29
rope_0001,0,1481,30
rope_0001,0,1482,30
rope_0001,0,1483,29
rope_0001,0,1484,29
rope_0001,0,1485,29
rope_0001,0,1486,29
rope_0001,0,1487,29
rope_0001,0,1488,29
rope_0001,0,1489,29
rope_0001,0,1490,29
rope_0001,0,1491,29
rope_0001,0,1492,29
rope_0001,0,1493,29
rope_0001,0,1494,29
rope_0001,0,1495,24
rope_0001,0,1496,25
rope_0001,0,1497,28
rope_0001,0,1498,24
rope_0001,0,1499,26
rope_0001,0,1500,24
rope_0001,0,1501,28
rope_0001,0,1502,24
rope_0001,0,1503,24
rope_0001,0,1504,29
rope_0001,0,1505,24
rope_0001,0,1506,24
rope_0001,0,1507,24
rope_0001,0,1508,27
rope_0001,0,1509,26
rope_0001,0,1510,26
rope_0001,0,1511,24
rope_0001,0,1512,33
rope_0001,0,1513,24
rope_0001,0,1514,24
rope_0001,0,1515,26
rope_0001,0,1516,24
rope_0001,0,1517,24
rope_0001,0,1518,32
rope_0001,0,1519,26
rope_0001,0,1520,25
rope_0001,0,1521,25
rope_0001,0,1522,24
rope_0001,0,1523,24
rope_0001,0,1524,24
rope_0001,0,1525,24
rope_0001,0,1526,26
rope_0001,0,1527,25
rope_0001,0,1528,24
rope_0001,0,1529,25
rope_0001,0,1530,24
rope_0001,0,1531,26
rope_0001,0,1532,25
rope_0001,0,1533,29
rope_0001,0,1534,24
rope_0001,0,1535,25
rope_0001,0,1536,24
rope_0001,0,1537,24
rope_0001,0,1538,24
rope_0001,0,1539,26
rope_0001,0,1540,24
rope_0001,0,1541,25
rope_0001,0,1542,24
rope_0001,0,1543,29
rope_0001,0,1544,25
rope_0001,0,1545,24
rope_0001,0,1546,24
rope_0001,0,1547,24
rope_0001,0,1548,25
rope_0001,0,1549,27
rope_0001,0,1550,25
rope_0001,0,1551,25
rope_0001,0,1552,28
rope_0001,0,1553,24
rope_0001,0,1554,24
rope_0001,0,1555,24
rope_0001,0,1556,25
rope_0001,0,1557,25
rope_0001,0,1558,30
rope_0001,0,1559,24
rope_0001,0,1560,25
rope_0001,0,1561,24
rope_0001,0,1562,28
rope_0001,0,1563,25
rope_0001,0,1564,27
rope_0001,0,1565,24
rope_0001,0,1566,24
rope_0001,0,1567,25
rope_0001,0,1568,26
rope_0001,0,1569,24
rope_0001,0,1570,24
rope_0001,0,1571,25
rope_0001,0,1572,26
rope_0001,0,1573,25
rope_0001,0,1574,24
rope_0001,0,1575,25
rope_0001,0,1576,27
rope_0001,0,1577,25
rope_0001,0,1578,28
rope_0001,0,1579,28
rope_0001,0,1580,25
rope_0001,0,1581,24
rope_0001,0,1582,24
rope_0001,0,1583,31
rope_0001,0,1584,25
rope_0001,0,1585,26
rope_0001,0,1586,24
rope_0001,0,1587,24
rope_0001,0,1588,24
rope_0001,0,1589,25
rope_0001,0,1590,24
rope_0001,0,1591,29
rope_0001,0,1592,25
rope_0001,0,1593,25
rope_0001,0,1594,27
rope_0001,0,1595,26
rope_0001,0,1596,25
rope_0001,0,1597,25
rope_0001,0,1598,30
rope_0001,0,1599,24
rope_0001,0,1600,24
rope_0001,0,1601,24
rope_0001,0,1602,25
rope_0001,0,1603,24
rope_0001,0,1604,25
rope_0001,0,1605,25
rope_0001,0,1606,24
rope_0001,0,1607,24
rope_0001,0,1608,24
rope_0001,0,1609,24
rope_0001,0,1610,25
rope_0001,0,1611,24
rope_0001,0,1612,24
rope_0001,0,1613,27
rope_0001,0,1614,35
rope_0001,0,1615,25
rope_0001,0,1616,24
rope_0001,0,1617,25
rope_0001,0,1618,24
rope_0001,0,1619,24
rope_0001,0,1620,37
rope_0001,0,1621,24
rope_0001,0,1622,25
rope_0001,0,1623,24
rope_0001,0,1624,27
rope_0001,0,1625,25
rope_0001,0,1626,26
rope_0001,0,1627,33
rope_0001,0,1628,25
rope_0001,0,1629,24
rope_0001,0,1630,26
rope_0001,0,1631,25
rope_0001,0,1632,26
rope_0001,0,1633,26
rope_0001,0,1634,25
rope_0001,0,1635,25
rope_0001,0,1636,25
rope_0001,0,1637,24
rope_0001,0,1638,24
rope_0001,0,1639,25
rope_0001,0,1640,29
rope_0001,0,1641,26
rope_0001,0,1642,25
rope_0001,0,1643,27
rope_0001,0,1644,30
rope_0001,0,1645,26
rope_0001,0,1646,28
rope_0001,0,1647,25
rope_0001,0,1648,25
rope_0001,0,1649,25
rope_0001,0,1650,26
rope_0001,0,1651,25
rope_0001,0,1652,31
rope_0001,0,1653,29
rope_0001,0,1654,25
rope_0001,0,1655,25
rope_0001,0,1656,26
rope_0001,0,1657,24
rope_0001,0,1658,25
rope_0001,0,1659,26
rope_0001,0,1660,24
rope_0001,0,1661,24
rope_0001,0,1662,27
rope_0001,0,1663,24
rope_0001,0,1664,26
rope_0001,0,1665,25
rope_0001,0,1666,25
rope_0001,0,1667,26
rope_0001,0,1668,24
rope_0001,0,1669,26
rope_0001,0,1670,41
rope_0001,0,1671,24
rope_0001,0,1672,26
rope_0001,0,1673,24
rope_0001,0,1674,25
rope_0001,0,1675,24
rope_0001,0,1676,25
rope_0001,0,1677,24
rope_0001,0,1678,24
rope_0001,0,1679,26
rope_0001,0,1680,24
rope_0001,0,1681,27
rope_0001,0,1682,24
rope_0001,0,1683,25
rope_0001,0,1684,38
rope_0001,0,1685,25
rope_0001,0,1686,24
rope_0001,0,1687,26
rope_0001,0,1688,31
rope_0001,0,1689,24
rope_0001,0,1690,24
rope_0001,0,1691,27
rope_0001,0,1692,32
rope_0001,0,1693,24
rope_0001,0,1694,31
rope_0001,0,1695,36
rope_0001,0,1696,25
rope_0001,0,1697,24
rope_0001,0,1698,24
rope_0001,0,1699,25
rope_0001,0,1700,26
rope_0001,0,1701,24
rope_0001,0,1702,25
rope_0001,0,1703,33
rope_0001,0,1704,24
rope_0001,0,1705,25
rope_0001,0,1706,24
rope_0001,0,1707,27
rope_0001,0,1708,25
rope_0001,0,1709,24
rope_0001,0,1710,26
rope_0001,0,1711,25
rope_0001,0,1712,24
rope_0001,0,1713,25
rope_0001,0,1714,24
rope_0001,0,1715,25
rope_0001,0,1716,24
rope_0001,0,1717,25
rope_0001,0,1718,25
rope_0001,0,1719,24
rope_0001,0,1720,24
rope_0001,0,1721,39
rope_0001,0,1722,24
rope_0001,0,1723,26
rope_0001,0,1724,25
rope_0001,0,1725,26
rope_0001,0,1726,27
rope_0001,0,1727,26
rope_0001,0,1728,24
rope_0001,0,1729,25
rope_0001,0,1730,25
rope_0001,0,1731,25
rope_0001,0,1732,24
rope_0001,0,1733,24
rope_0001,0,1734,25
rope_0001,0,1735,24
rope_0001,0,1736,27
rope_0001,0,1737,26
rope_0001,0,1738,25
rope_0001,0,1739,29
rope_0001,0,1740,27
rope_0001,0,1741,31
rope_0001,0,1742,24
rope_0001,0,1743,24
rope_0001,0,1744,26
rope_0001,0,1745,24
rope_0001,0,1746,33
rope_0001,0,1747,27
rope_0001,0,1748,24
rope_0001,0,1749,24
rope_0001,0,1750,24
rope_0001,0,1751,27
rope_0001,0,1752,25
rope_0001,0,1753,25
rope_0001,0,1754,24
rope_0001,0,1755,38
rope_0001,0,1756,28
rope_0001,0,1757,24
rope_0001,0,1758,24
rope_0001,0,1759,24
rope_0001,0,1760,24
rope_0001,0,1761,24
rope_0001,0,1762,25
rope_0001,0,1763,27
rope_0001,0,1764,30
rope_0001,0,1765,25
rope_0001,0,1766,36
rope_0001,0,1767,26
rope_0001,0,1768,24
rope_0001,0,1769,25
rope_0001,0,1770,32
rope_0001,0,1771,25
rope_0001,0,1772,25
rope_0001,0,1773,25
rope_0001,0,1774,28
rope_0001,0,1775,24
rope_0001,0,1776,25
rope_0001,0,1777,25
rope_0001,0,1778,24
rope_0001,0,1779,25
rope_0001,0,1780,24
rope_0001,0,1781,31
rope_0001,0,1782,34
rope_0001,0,1783,27
rope_0001,0,1784,24
rope_0001,0,1785,27
rope_0001,0,1786,41
rope_0001,0,1787,30
rope_0001,0,1788,33
rope_0001,0,1789,26
rope_0001,0,1790,34
rope_0001,0,1791,25
rope_0001,0,1792,35
rope_0001,0,1793,27
rope_0001,0,1794,33
rope_0001,0,1795,29
rope_0001,0,1796,33
rope_0001,0,1797,26
rope_0001,0,1798,29
rope_0001,0,1799,36
rope_0001,0,1800,32
rope_0001,0,1801,24
rope_0001,0,1802,29
rope_0001,0,1803,25
rope_0001,0,1804,25
rope_0001,0,1805,26
rope_0001,0,1806,25
rope_0001,0,1807,31
rope_0001,0,1808,26
rope_0001,0,1809,34
rope_0001,0,1810,24
rope_0001,0,1811,29
rope_0001,0,1812,34
rope_0001,0,1813,34
rope_0001,0,1814,28
rope_0001,0,1815,25
rope_0001,0,1816,26
rope_0001,0,1817,30
rope_0001,0,1818,25
rope_0001,0,1819,29
rope_0001,0,1820,40
rope_0001,0,1821,25
rope_0001,0,1822,29
rope_0001,0,1823,26
rope_0001,0,1824,33
rope_0001,0,1825,31
rope_0001,0,1826,29
rope_0001,0,1827,36
rope_0001,0,1828,30
rope_0001,0,1829,25
rope_0001,0,1830,33
rope_0001,0,1831,33
rope_0001,0,1832,28
rope_0001,0,1833,26
rope_0001,0,1834,40
rope_0001,0,1835,28
rope_0001,0,1836,38
rope_0001,0,1837,30
rope_0001,0,1838,29
rope_0001,0,1839,35
rope_0001,0,1840,26
rope_0001,0,1841,39
rope_0001,0,1842,29
rope_0001,0,1843,37
rope_0001,0,1844,41
rope_0001,0,1845,29
rope_0001,0,1846,28
rope_0001,0,1847,30
rope_0001,0,1848,27
rope_0001,0,1849,39
rope_0001,0,1850,33
rope_0001,0,1851,26
rope_0001,0,1852,37
rope_0001,0,1853,32
rope_0001,0,1854,25
rope_0001,0,1855,26
rope_0001,0,1856,35
rope_0001,0,1857,31
rope_0001,0,1858,28
rope_0001,0,1859,28
rope_0001,0,1860,30
rope_0001,0,1861,29
rope_0001,0,1862,29
rope_0001,0,1863,31
rope_0001,0,1864,26
rope_0001,0,1865,38
rope_0001,0,1866,31
rope_0001,0,1867,29
rope_0001,0,1868,30
rope_0001,0,1869,32
rope_0001,0,1870,29
rope_0001,0,1871,27
rope_0001,0,1872,32
rope_0001,0,1873,27
rope_0001,0,1874,43
rope_0001,0,1875,28
rope_0001,0,1876,37
rope_0001,0,1877,24
rope_0001,0,1878,33
rope_0001,0,1879,31
rope_0001,0,1880,37
rope_0001,0,1881,30
rope_0001,0,1882,31
rope_0001,0,1883,30
rope_0001,0,1884,26
rope_0001,0,1885,26
rope_0001,0,1886,37
rope_0001,0,1887,28
rope_0001,0,1888,25
rope_0001,0,1889,33
rope_0001,0,1890,26
rope_0001,0,1891,33
rope_0001,0,1892,38
rope_0001,0,1893,35
rope_0001,0,1894,26
rope_0001,0,1895,24
rope_0001,0,1896,28
rope_0001,0,1897,39
rope_0001,0,1898,38
rope_0001,0,1899,28
rope_0001,0,1900,35
rope_0001,0,1901,26
rope_0001,0,1902,31
rope_0001,0,1903,34
rope_0001,0,1904,33
rope_0001,0,1905,29
rope_0001,0,1906,27
rope_0001,0,1907,27
rope_0001,0,1908,38
rope_0001,0,1909,44
rope_0001,0,1910,35
rope_0001,0,1911,39
rope_0001,0,1912,35
rope_0001,0,1913,31
rope_0001,0,1914,29
rope_0001,0,1915,29
rope_0001,0,1916,39
rope_0001,0,1917,25
rope_0001,0,1918,40
rope_0001,0,1919,37
rope_0001,0,1920,26
rope_0001,0,1921,30
rope_0001,0,1922,26
rope_0001,0,1923,24
rope_0001,0,1924,41
rope_0001,0,1925,33
rope_0001,0,1926,32
rope_0001,0,1927,39
rope_0001,0,1928,31
rope_0001,0,1929,28
rope_0001,0,1930,27
rope_0001,0,1931,27
rope_0001,0,1932,42
rope_0001,0,1933,38
rope_0001,0,1934,26
rope_0001,0,1935,28
rope_0001,0,1936,25
rope_0001,0,1937,33
rope_0001,0,1938,26
rope_0001,0,1939,26
rope_0001,0,1940,27
rope_0001,0,1941,36
rope_0001,0,1942,37
rope_0001,0,1943,36
rope_0001,0,1944,46
rope_0001,0,1945,36
rope_0001,0,1946,31
rope_0001,0,1947,33
rope_0001,0,1948,45
rope_0001,0,1949,44
rope_0001,0,1950,27
rope_0001,0,1951,37
rope_0001,0,1952,36
rope_0001,0,1953,24
rope_0001,0,1954,25
rope_0001,0,1955,26
rope_0001,0,1956,34
rope_0001,0,1957,25
rope_0001,0,1958,25
rope_0001,0,1959,34
rope_0001,0,1960,31
rope_0001,0,1961,31
rope_0001,0,1962,25
rope_0001,0,1963,33
rope_0001,0,1964,30
rope_0001,0,1965,43
rope_0001,0,1966,26
rope_0001,0,1967,25
rope_0001,0,1968,41
rope_0001,0,1969,27
rope_0001,0,1970,28
rope_0001,0,1971,29
rope_0001,0,1972,31
rope_0001,0,1973,30
rope_0001,0,1974,31
rope_0001,0,1975,35
rope_0001,0,1976,39
rope_0001,0,1977,29
rope_0001,0,1978,36
rope_0001,0,1979,26
rope_0001,0,1980,25
rope_0001,0,1981,28
rope_0001,0,1982,38
rope_0001,0,1983,25
rope_0001,0,1984,26
rope_0001,0,1985,32
rope_0001,0,1986,40
rope_0001,0,1987,44
rope_0001,0,1988,28
rope_0001,0,1989,33
rope_0001,0,1990,31
rope_0001,0,1991,28
rope_0001,0,1992,26
rope_0001,0,1993,25
rope_0001,0,1994,25
rope_0001,0,1995,25
rope_0001,0,1996,31
rope_0001,0,1997,26
rope_0001,0,1998,40
rope_0001,0,1999,24
rope_0001,0,2000,25
rope_0001,0,2001,31
rope_0001,0,2002,38
rope_0001,0,2003,40
rope_0001,0,2004,24
rope_0001,0,2005,35
rope_0001,0,2006,26
rope_0001,0,2007,40
rope_0001,0,2008,34
rope_0001,0,2009,37
rope_0001,0,2010,30
rope_0001,0,2011,31
